Big Bird,1,Sesame Street,Fakeville,12345
Sharon Carr,2,0563 Walker Plaza Apt. 974,Port Dawn,73513
Diana Montgomery,3,667 Thomas Summit Suite 383,Eatonmouth,28766
William Montgomery,4,794 Castaneda Locks,Whiteberg,99611
Crystal Ortiz,5,76103 Amanda Park Apt. 485,Alexanderborough,85375
Keith Rodriguez,6,7101 Steven Viaduct Suite 252,Coleborough,95004
Michael Wilson,7,19344 Jennifer Course,Aaronstad,47702
Carolyn Moore DDS,8,9138 Matthew Circle,Pattytown,22634
Evan Dunn,9,28255 Lori Common Suite 861,New Danielleberg,71271
Kelsey Ramos,10,9913 Gibson Lodge Apt. 648,West Williamborough,95307
Kimberly Murphy,11,016 Leonard Island Apt. 793,Lake Mariafurt,24165
Melinda Davis DVM,12,6674 Rachel Vista,South Heather,52243
Laura Ross,13,165 Patterson Fords,Robertview,83350
Jordan Smith,14,557 Bender Lock Apt. 414,New Nicoleville,82096
Christina Hardin,15,0501 Palmer Lake Suite 154,Port Kimberlyville,79317
Seth Mcclure,16,3210 Williams Brooks,Port Stephanie,81136
Wayne Miller,17,8507 Smith Crescent Apt. 631,Vasquezhaven,36351
Courtney Russell,18,4653 Kirk Street,Sophiaberg,78974
Douglas Riggs,19,855 Rebecca Path,Cowantown,86575
Patricia Hunter,20,2572 Pugh Lodge,Jacksonburgh,82020
Austin Jones,21,8377 Brandi Mountain,South Andrewfurt,80843
Daniel Moore,22,560 Brandi Lights,Lake Nancyhaven,24329
Lindsey Scott,23,141 Kelly Stravenue Apt. 357,Wernermouth,04844
Lauren Oconnell,24,49335 Jose Valleys Apt. 729,Port Dale,11872
Riley Allen,25,07140 Jordan Highway Apt. 049,South Shelleyberg,56378
Peter Rodriguez,26,063 Melissa Knolls,North Tiffanyhaven,89007
Caleb Miller,27,732 Scott Lodge Apt. 499,Christopherfurt,68605
Michael Morales,28,0686 Richardson Ville Apt. 779,New Jeffrey,42626
Lori Stokes,29,2229 Charlene Springs,Jeremyville,75659
Andrew Barnett,30,70176 Smith Mount Apt. 998,Port Nicoleberg,04134
Deborah Baker,31,444 Franco Causeway Suite 778,Burgessburgh,18244
Corey Martinez,32,70656 Lester Lake Apt. 684,Huberfurt,90431
Dr. Benjamin Steele,33,7347 Harris Brooks,East George,34144
Wesley Hess,34,52177 Howell Views Apt. 842,Mauricestad,42425
George Roy,35,04271 Nathan Hollow,North Sarafort,54026
Cameron Sullivan,36,31252 Melinda Station,Kevintown,53713
Shawn Smith,37,96866 Anderson Hills Apt. 705,Kimberlyland,75028
Russell Wade,38,964 Julian Hill,East Kaitlyn,52414
Russell Brown,39,654 Cross Highway,Christineside,88188
Catherine Campos,40,51038 Juan Center Apt. 757,East Kerrimouth,72272
Peter Newman,41,92095 Nicole Cliffs,South Paulborough,70293
Sydney Lewis,42,29310 Kelly Row,Matthewstad,85861
Jacob Craig,43,8182 Jenkins Motorway,Ashleystad,42075
Sara Navarro,44,5237 Rowland Centers,East Julieland,21687
Emily Johnson,45,878 Tamara Square,Gonzalezburgh,37040
Andrew Mitchell,46,046 Rhodes Springs,East Linda,49315
Daniel Thompson,47,7416 Kristin Coves,Watsonport,08311
Melissa Price,48,067 Willis Village,Richardhaven,81499
Amy Wilcox,49,4674 Shea Parkways Apt. 579,East Nicholas,24152
Jimmy Faulkner,50,596 Melissa Run,Port Alexander,46528
Tracey Graves,51,2509 Williams Tunnel Suite 637,Port Emily,85183
Tammy Robinson,52,5440 Melissa Turnpike Suite 612,Millermouth,33407
Patricia Wagner,53,8844 Robles Pass Suite 536,Alishaberg,73523
Kara Webb,54,9789 Nathan Mountain Suite 879,Port Bryanhaven,35279
Pamela Rhodes,55,854 Mejia Ports,South David,34218
Tammy Bennett,56,1226 Washington Well,Brandontown,54431
John Stewart,57,612 Jenkins Stravenue Apt. 611,East Rogerfurt,54376
Richard Adams,58,453 Munoz Islands Apt. 074,Janetton,32525
Lori Wagner,59,71727 Laura Freeway,Port Charlesside,53520
Jeanne Murillo,60,01471 Doyle Courts Suite 977,Port Josephton,80618
Timothy Douglas,61,170 Garza Crest Suite 656,South Joshua,71233
Harold Bishop,62,662 Elliott Branch Apt. 573,East Craigchester,28763
Claudia Wilcox,63,757 Cline Rapids,Schaeferville,44808
Jacqueline Terry,64,1602 James Hollow Apt. 979,Port Sarah,34194
Lori Porter,65,669 Lori Fort,Taylorhaven,07752
Megan Jones,66,5135 Patricia Port,Lake Glenn,63772
Jason Gill,67,8231 Keith Port,Port Joel,63030
Chad Perez,68,766 George Lodge,Freemanborough,64399
Jodi Haynes,69,4693 David Port,North Donnaville,18146
Cassandra Pollard,70,7146 Hall Island,Michaelside,46743
Carl Brown,71,9319 Emma Parkways Apt. 771,Michellehaven,87740
Tyler Campbell,72,673 Martin Ford,Lake Michelle,60961
Antonio Vaughn,73,9801 Elizabeth Mountains,Timothyburgh,96606
Julia Hobbs,74,007 Nathaniel Walks,North Brandifort,20799
Lindsay Sandoval,75,566 Briana Radial Suite 393,Theresafurt,39954
Melissa Harris,76,64732 Boyd Lock Suite 487,Ryanfurt,09921
Connie Frederick,77,7874 Michael Mission,Port Jessicafort,00832
Donna Hernandez,78,137 Butler Stream Apt. 050,Welchbury,72706
Travis Kim,79,6058 Deborah Loaf,Changview,27954
Patricia Torres,80,3700 James Highway Suite 049,New Stephanie,76669
Yolanda Adams,81,275 Kaufman Street Apt. 907,North Maryton,07668
Shannon Gillespie,82,716 Bryan Vista,Crystalport,91773
Laura Hill,83,44869 Brent Island,South Tony,26160
Casey Holloway,84,7536 Arnold Avenue Apt. 442,Denisestad,31793
Elizabeth Jordan,85,0666 Smith Light,Denisefort,34450
Rebecca Tucker,86,520 Ronald Field Suite 732,Port Thomaschester,80008
Todd Walters,87,7123 Green Falls Suite 214,East Andrewburgh,40330
Ethan Wiggins,88,3321 Howard Stravenue Apt. 523,East Pamelaton,37140
Cynthia Andrade,89,97215 Diaz Mountains,Nicoleborough,65605
Meagan Pacheco,90,9673 Michael Via Suite 961,Nicolehaven,70799
Robert Thomas,91,36609 Brandon Village,Vanessatown,37908
Wendy Carr,92,70861 Melinda Fall,Williamsmouth,09900
Martha Miller,93,1872 Walton Mountains,Brownfurt,13409
Kyle Carter,94,906 Schultz Trace Apt. 950,South Sandra,06336
Joseph Zhang,95,01288 William Park,Lake Lisa,59297
Deanna Kidd,96,24697 Vaughan Ranch,Port Christine,65989
Christopher Glover,97,773 Larry Island,Kimstad,59256
Ronald Walker,98,1783 Smith Parkways,Ramirezshire,31685
Gabriela Greene,99,37615 Patrick Haven,Leechester,71347
Wendy Morales,100,9318 Aguirre Burg Apt. 399,New Anitafort,14682
Bobby Lyons,101,85021 Heather Stream,Port Shaneview,27073
Michelle Parker,102,8026 William Parkways Apt. 256,South Williamhaven,88510
Richard Sullivan,103,813 Lisa Ridges,Amyshire,05122
Nathan Kirk DDS,104,6193 Bryan Bypass Suite 553,Davidsonfort,59182
Vincent Pitts,105,6863 Myers Lake Apt. 543,Nathanielview,70098
Jennifer Fernandez,106,525 Scott Port,New Pamela,32198
Jeanne Maddox,107,1637 Regina Harbors,North Cynthia,67041
Elizabeth Johnson,108,8061 Shawn Stream Apt. 605,North John,39327
Erica Mclaughlin,109,815 Eric Camp,Harrisview,69739
James Thomas,110,7583 Christina Roads Apt. 083,Alexismouth,57253
Robin Mann,111,25871 Conway Unions,Micheleland,58155
Brandon Martinez,112,386 Randy Fords Suite 725,Port Tonyburgh,40445
Gary Johnson,113,23668 Marcus Shoal Apt. 083,Ramirezport,17610
Willie Spencer,114,448 Harrison Meadow Apt. 232,Warrenville,75546
Monica Armstrong,115,406 Bell Walk Suite 800,West Samantha,58694
Allison Thompson,116,975 John Dale,East Ashleyview,23351
Tonya Lambert,117,82659 Moss Cliffs Suite 815,East Molly,07801
Jamie Bowman,118,4828 Ashley Haven,Lake Shawnbury,86173
Casey Thompson,119,68053 Jones Green,New Karenburgh,48422
Sharon Dominguez,120,38939 Freeman Summit Apt. 875,Rebekahbury,93556
Tiffany Armstrong MD,121,502 Brenda Course,Vaughanmouth,65559
Ricardo Riggs,122,58912 Alexis Parkways,East Richardborough,51689
Brenda Decker,123,4576 Loretta Motorway,South Casey,97509
Bryan Gonzalez,124,914 Shaffer Drive Suite 162,Thompsonburgh,51935
Anthony Wood,125,3642 Horn View,Harmonburgh,82155
John Hudson,126,322 Charles Underpass Suite 071,South Jenna,39380
Christopher Powers,127,357 Martinez Trail Apt. 239,Reyesstad,84126
Ronald Bauer,128,259 Wade Path Suite 301,West Jerry,34661
Aaron Logan,129,09164 Rogers Stream,Millerside,86641
Nicole Frank,130,994 Rodriguez Village Suite 817,Brandiborough,32615
Lee Williams,131,412 Buckley Islands Apt. 918,Port Dennisberg,96151
Elizabeth Smith,132,283 Roy Station Apt. 755,South Michaelstad,58649
Jordan Hayes,133,4720 Cochran Path,North Michaeltown,37572
Carrie Jackson MD,134,958 Michael Mission,New Suzanne,37984
James Blair,135,57605 Janice Plaza Apt. 212,New Gloriamouth,13360
Kenneth Whitaker,136,906 James Radial,South Ashley,67009
Mary Vaughn,137,8955 Nguyen Green,South Nicholas,63350
Jennifer Williams,138,652 Watson Creek,West Marie,20238
Christian Stanley,139,811 Shane Well Apt. 005,Sheenabury,37390
Scott Johnson,140,414 Christopher Mills,West Kristen,36226
Nicholas Cabrera,141,953 Rivera Stream,West Gina,12164
John Daniels,142,7221 Rachel Corners Apt. 008,Port Carl,90760
Jeff Johnson,143,4531 Mitchell Wells Suite 345,Taylormouth,15666
Deborah Gonzales,144,9539 Charles Ports Suite 551,Karenhaven,26008
Michael Riley,145,4106 Howell Hollow Suite 492,Gaineston,70200
Michael Jackson,146,43818 Matthew Course Apt. 706,Gonzalezbury,01376
Scott Neal,147,1632 Holmes Crossroad,Jamesbury,87097
Sara Hudson,148,097 Keith Pine,Carrieborough,83661
Mitchell Reed,149,2242 Todd Pines,South Edwardborough,58182
Steven Marshall,150,49054 Sanchez Road Suite 793,South Anthony,90018
John Nguyen,151,473 Leblanc Flats Apt. 325,Castroside,11991
Margaret Daniels,152,2202 Elizabeth Place Apt. 310,West Brady,02449
Shawn Maldonado,153,86521 Williams Shoals Suite 715,Louismouth,98637
Michael Nelson Jr.,154,1703 Sharp Glens,Lake Morgan,89632
Robert Fields,155,510 Raymond Mountain Suite 724,Jessicabury,27525
Austin Rodriguez,156,3539 Antonio Turnpike Suite 464,Benjaminhaven,02757
Carly Davis,157,81769 Stevens Parks,New Brian,88291
Michael Watson,158,2023 James Glens,North Billytown,34459
Travis Bridges,159,74177 Hester Manor,Gardnershire,43935
Carmen Griffin,160,1457 Vaughn Ramp,New Audreytown,20462
Lisa Kennedy,161,63108 Wilson Parkway,Lake Mikeview,58120
Hayley Hess,162,10625 Joan Ford Suite 245,Benjaminmouth,99294
Megan Montoya,163,46163 Morris Port Apt. 859,Port Wandastad,43905
Crystal Pruitt,164,9607 Angela Trail Apt. 773,Brownberg,60300
Ronald Williamson,165,497 Jon Parks Suite 344,South Rodneyshire,43957
Scott White,166,234 Rodriguez Spurs,Sethborough,76999
Cindy Daniels,167,15815 Kelsey Manor,New Zacharystad,55812
Ariana Mercado,168,49070 Wilson Gateway,Erinfurt,01643
Michele Townsend,169,9320 Reynolds Crossing,Sherryland,80298
Jamie Padilla,170,81051 Ryan Ports Apt. 510,Port Joshuaberg,35787
Amber Anderson,171,70113 Nicholas Valleys,Jodyhaven,95841
Miranda Little,172,57650 Diaz Valleys,West Susan,76227
Russell Waters,173,96196 Delacruz Street,South Kimberly,38855
Christy Lambert,174,02278 Blair Hills Apt. 636,East Scott,92667
James Green,175,43752 Lisa Causeway,South Kellyfurt,82374
Edgar Turner,176,38471 Vasquez Via,Nguyenborough,04437
Kevin Wilson,177,2197 William Cove Apt. 560,Tracyfurt,96041
Douglas Castaneda,178,33549 James Keys,Lake Thomas,69666
Anthony Gutierrez,179,01475 Shelly View Apt. 208,Lake Matthew,13704
Erika Young,180,463 Cervantes Extension,New Tammy,92141
Charles Butler,181,96978 Darrell Summit Apt. 682,North Robertoton,98329
Robert Walker,182,48752 Carson Fields,Gillfurt,86168
Brett Carter,183,4693 Sara Harbor Apt. 778,Randolphhaven,81203
Thomas Wright,184,585 Brandon Fords,New Kylebury,38035
Spencer Jackson DDS,185,934 Wesley Parkway Suite 266,Franciscoport,48593
Jessica Becker,186,79865 Teresa Islands,New Alexanderton,53349
Marc Newman,187,966 Donald Row,Jeffreyview,46145
Michael Duran,188,0710 Perez Curve,Hardyfort,40952
Michael Guerra,189,21420 Sheila Corners,Erikport,70046
Stephen Nielsen,190,26606 Nguyen Light,East Jessica,71045
Karen Johns,191,713 Jones Spurs Apt. 740,South Teresa,21247
Brenda Jackson,192,5038 Frank Walks,Lake Joseph,85969
Richard Larson,193,76029 Jennifer Ranch,West Miguel,69562
Sharon Stevens,194,7166 Gonzalez Route Suite 005,Ochoatown,21519
Bridget Barnett,195,276 Lori Cape,Chaseland,21028
Joseph Floyd,196,87170 Baker Path Apt. 959,Daviesland,36400
Stephanie Dean,197,750 April Gardens Suite 413,Rebeccachester,36850
Gary Rosario,198,854 Kelley Creek Apt. 907,New Brittany,51485
Amanda Walker MD,199,8332 Moreno Drives Suite 411,Port Rick,32775
Steven Atkins,200,96500 Brown Pines,Port Marie,54064
Michael Smith,201,212 April Turnpike,South Kathleenland,47632
Brandon Clayton,202,72922 Angela Fall Apt. 831,Kimberlyfort,94182
Christopher Braun,203,668 Sydney Harbor Apt. 864,New Nicolechester,47377
Stephanie Underwood,204,3753 Wolfe Roads Suite 693,Gonzalezshire,00675
Anthony Hall,205,041 Derek Rue,Christyshire,31091
Mrs. Kathleen Herrera,206,73929 April Valleys,New Connie,35277
Aaron Fletcher,207,9965 Robert Falls,Keithfort,51244
Arthur Jensen,208,1280 Anderson Fields,North John,11755
Ricardo Myers,209,496 Kathleen Plains Suite 891,New Cynthiashire,48007
Chad Murray,210,18651 Powell Prairie,North Michael,99060
Patricia Odonnell,211,529 Justin Expressway,Kellyburgh,89987
Susan Brown,212,4938 Regina Mountains Suite 070,Williamport,44592
Grace Greer,213,607 Owens Underpass,Gonzaleston,67712
Maria Martinez,214,07154 Mullins Roads,New Erik,86975
Erin Jones,215,81569 Campos Estates Suite 721,Jamestown,43548
Jason Walker,216,004 Herrera Underpass,East Edward,39359
John Roberts,217,4516 Sophia Walk Suite 414,Port Kathryn,52070
Angela Brown,218,49967 Patrick Shoal,Mercedesmouth,75148
Kayla Hood,219,05095 Ferrell Common Suite 522,Kristinchester,62357
Hannah Joseph,220,059 Savage Hills Apt. 395,Jacquelinemouth,53957
Mary Scott,221,660 Vincent Lodge,Kristenport,02238
Raymond Crawford,222,1589 Joshua Turnpike,North Charles,64760
Timothy Gilbert,223,492 Porter Land,Stephensmouth,06995
Christie Ochoa,224,41651 Samuel Ridge,Andresborough,92865
Brian Richards,225,2186 Christopher Shoals,North Johnny,79245
Anne Neal,226,307 Smith Lakes Apt. 102,Alexismouth,98224
Charles Miller,227,033 Lara Vista,Andreamouth,09334
Laura Griffith,228,86193 Nash Port,Phillipborough,63241
Jeffrey Baxter,229,002 Bethany Lake Apt. 557,East Jose,97804
Tyler Hill,230,49980 Sandra Light,New Gary,87722
Mark Collins,231,32743 Parker Plain,West Elizabeth,17336
Dale Pierce,232,645 Peter Wells,Lisaberg,07503
Billy Mcintosh,233,49480 Cynthia Gateway,Port Kimberly,87472
Maria Myers,234,500 Jackson Street,North Edward,68230
Patrick Marshall,235,326 Williams View Suite 452,Marymouth,68455
Sandra Banks,236,590 Diana Spring Suite 170,Lake Kyle,58947
Cynthia Ortiz,237,5788 Heather Islands,Stantonshire,54041
Larry Fowler,238,6890 Matthew Throughway Apt. 964,Orozcofurt,99673
Victor Torres,239,90290 Steven Pine,Cartermouth,97390
Thomas Peterson,240,9929 Allison Lake Apt. 153,West Carlosstad,50017
Scott Mendoza,241,3700 Lisa Stream,West Linda,60721
Christopher Barnett,242,6928 Williams Squares,East Adam,23445
Johnathan Pena,243,07877 Riggs Roads Apt. 115,New Christianstad,86179
Elijah Schmidt,244,60823 Bradley Spurs,Valenzuelaside,14080
Victoria Gibson,245,6351 Alexis Divide Apt. 542,New James,25707
Jennifer Reese,246,7698 Hill Gardens,Haleymouth,48979
Willie Soto,247,389 Mccall Dam Apt. 853,East Scottport,28703
Kyle Brooks,248,1190 Johnson River,Lake Williefort,87629
Leslie Sanders,249,9625 Shawn Union,Russellchester,94035
Reginald Ward,250,263 Hines Square,Mitchellberg,49270
Lori Lopez,251,6460 Martin Views,West Dustinmouth,41542
Wendy Stanton,252,30999 Palmer Lock Suite 518,Jaymouth,31633
Jacob Davis,253,72610 James Junctions,West Sherry,45995
Dakota Livingston,254,476 Christine Grove,North David,15230
William Fisher,255,440 Jacob Mountains,New Jamie,24310
Christina Smith,256,721 Hunter Freeway,Robinsonbury,23585
Erin Powell,257,48746 John Wells,Paultown,68377
Tracy Chase,258,65131 Buchanan Meadow Suite 259,Christinaview,89755
Erin Silva,259,80787 Charles Road,Snyderborough,38123
Patricia Hall,260,7993 Bruce Via,North Kimberly,57122
Jimmy Johnson,261,62512 Michael Lock,Brittanyport,92404
Kenneth Bass,262,97838 Ramos Island Apt. 515,Maryfurt,43368
Mr. Charles Stokes DVM,263,6538 Jackson Loop Apt. 494,Aaronland,06271
Michael Sanchez,264,009 Gonzales Ridges,Ashleyberg,25852
David Wong,265,5844 Sherry Cliffs Apt. 538,New Katie,43450
Jared Powell,266,95928 Rodriguez Falls Suite 183,Michaelberg,58862
Todd Barr,267,016 Ruiz Via Suite 001,Salazarbury,03714
Nancy Beard,268,968 Murphy Drive Apt. 559,Lake Taylorshire,51817
Jeffrey Bates,269,51387 Leslie Street,Torrestown,59127
Alexis Martinez,270,476 Larsen River Apt. 240,Port Natalieborough,22758
Nicholas Bishop,271,35576 Molina Island Suite 141,Jamesville,62722
Mr. Robert Haynes,272,07868 Bird Point Apt. 390,Martinberg,99728
Dr. Jennifer Mora DVM,273,762 Nelson Prairie,Elizabethmouth,80751
Andrea Contreras,274,3226 Carrie Path Suite 923,Port Sarah,16708
David Eaton,275,1504 Alyssa Viaduct,West Laurafurt,67942
Jeffery Allen,276,8145 Richardson Courts Suite 103,Nguyenhaven,11156
William Lee,277,64887 Gregory Squares,Richardmouth,18681
Madison Villa,278,51107 Larsen Parkways Suite 089,Lake Carolynmouth,94025
Brian Cohen,279,6278 Reginald Overpass,Port Tammytown,66346
Jessica Wood,280,277 Carroll Unions,West Shawnland,30212
Andrea Walker,281,2608 Peter Station Apt. 305,Margaretside,36594
Suzanne Davis,282,11570 Paul Viaduct Suite 900,Perezshire,31875
Joanna Sanders,283,570 Morales Plains,Anthonymouth,22178
Melinda Baker,284,365 Wise Gateway,North Anthony,93808
Karen Snow,285,0014 Flores Harbors,North David,63687
Robin Zimmerman,286,2566 Mary Corners Apt. 881,Cartershire,40531
Heather Garner,287,8691 Marissa Ridges,Stevenville,83931
Alyssa Perry,288,5142 Aimee Road,Aprilmouth,39080
David Flores,289,45192 Devin Tunnel Apt. 104,New Gregoryview,25460
Frederick Martinez,290,072 Vincent Ramp Suite 760,Paulmouth,16657
Jody Young,291,069 Brittany Isle Suite 069,Timothyshire,94160
Aaron Mitchell,292,117 Jonathan Cape Suite 757,Jessicaview,81201
Tony Mcmillan,293,319 Williams Park Suite 184,Clarkebury,67360
David Love,294,987 Matthew Alley,New Zachary,48839
Donna Williams,295,4904 Oneill Hill Suite 483,North Kylefort,21935
John Hall,296,3248 Phelps Knoll,Hallshire,33990
Hunter Harris,297,820 Mitchell Extension,Joneston,10080
Susan Pierce,298,2741 Compton Walk,South Jenniferfort,10929
Jaime Ponce,299,3126 Hill Trace,Port Amanda,68638
Timothy Roberts,300,208 Cannon Ramp Apt. 035,Barryborough,70780
Cheryl Diaz,301,98573 Vasquez Path Suite 758,Joshuaburgh,41347
Rebecca Vargas,302,441 Carmen Street,New Diana,83960
Monica Dean,303,2564 Joshua Squares,Harveystad,29583
Rebecca Elliott,304,08024 Nichole Port Suite 975,Ryanton,25623
Elizabeth Frey,305,6636 Hines Burg Apt. 820,Amandaberg,27401
Erin White,306,83858 Downs Common Apt. 399,West Heatherfurt,84432
Pamela Cruz,307,33585 Gary Summit Apt. 366,Josebury,46178
Scott Barrett,308,592 John Union,Dennisview,66908
Jaclyn Kennedy,309,159 Pamela Cove Suite 341,Craighaven,54393
Diane Sherman,310,315 Michelle Brook Suite 844,Berryville,27911
Victoria Payne,311,0140 Perez Ports,Vegaview,19282
Scott Douglas,312,54838 Johnny Trail,Port Stephanie,94948
Julia Cruz,313,358 Cody Plain,Andersonville,02731
Christopher James,314,060 Harrison Summit,West Colleen,81036
Tammy Richards,315,24488 Roy Island Apt. 120,Port Danielmouth,16377
Emily Boone,316,37308 Gutierrez Dam,Sarahborough,24326
Joshua Hamilton,317,30786 Beck Island,Adamsside,88233
Rebecca Smith,318,072 Leonard Rest Suite 946,Collinston,26245
Shawn Bailey,319,49347 Ricky Circles,Davidland,45266
Erica Duarte,320,44755 White Unions,North Shawn,82321
Matthew Martin,321,2044 Charles Village,Leeberg,41741
Kimberly Richards,322,5649 Mendez Pass Suite 834,Lake Meredith,73141
Leslie Kelly,323,6602 Larry Valley,Christopherton,88811
Mario Moreno,324,11187 Frank Shoal Apt. 163,Butlerview,38878
Jay Harper,325,168 Carol Locks,Lake Dustinland,04627
James Spence,326,98348 Williams Hollow,Lake Mackenzie,78185
Teresa Robinson,327,052 Jackson Tunnel,Lake Aaron,86824
Frederick Allen,328,408 Joe Crossroad,East Ianmouth,34851
Amy Thompson,329,647 Lamb Burg Apt. 517,New Josephhaven,24701
Dustin Gray,330,3772 Chandler Tunnel,Lake Amy,19927
Molly Huff,331,7073 Casey Locks Apt. 785,Adamshire,70237
Jason Meyer,332,0487 Bowman Cliffs,North Jasmine,59238
Patrick Hanson,333,482 Morrison Via,Port Alex,47276
Eric Walters,334,829 Underwood Parkway Suite 672,Lake Zachary,87693
Hunter Hodge,335,584 Jose Ramp,Lake Tony,53947
Jody Robertson,336,6585 Cook Fall Apt. 801,Lake Donaldborough,39746
Roberto Pittman,337,318 Garrett Ridges Suite 744,Batesfort,32118
Steven Villegas,338,37553 Wright Hollow,Jeremyberg,29780
Cody Lynn,339,48629 Cameron Loop Suite 205,North Tiffany,35095
Steven Lopez,340,5260 Kelly Drive Suite 993,Port Troyfort,95833
Brenda Mathews,341,6023 Wade Ports,Bellland,41877
William Smith,342,0770 Robert Point,Johnton,28866
Amanda Hansen,343,6105 Isaac Locks Suite 263,Mitchellview,44459
Shane White,344,8281 Buck Vista,East Stephenstad,10781
Anna Gibson,345,54290 Christopher Fords Suite 012,Lake Jennifer,56591
Rachel Black,346,488 Justin Crescent Apt. 725,Port Carolyn,14215
Diana Edwards,347,5451 Paul Brook Apt. 178,Caseyland,46728
Raymond Hendricks,348,801 Donaldson Rapid Suite 995,Jonathanmouth,31340
Evelyn Norris,349,86099 Moore Club,South Tara,55851
Matthew Johnson,350,92859 Wu Union Suite 316,Mcguirefurt,12095
Ashley White,351,198 Carrie Estate,Loweryborough,74146
John Morgan,352,21495 Stevens Shores,Sarahbury,84567
Sara Murphy,353,29205 Rich Meadows Apt. 808,Kimberlyberg,52916
Caroline Ramirez,354,67198 Gordon Motorway Suite 486,North John,48059
Walter Williams,355,0906 Romero Fork,Lake Lisa,57267
Bryan Skinner,356,67813 Melendez Plains,Reedhaven,86430
Joseph Beck,357,8124 Julie Ferry,Craigton,29137
John Barry,358,028 John Villages Apt. 375,New Crystalland,66672
Elizabeth Arroyo,359,5810 Molly Port Suite 366,West Debrafurt,46202
Walter Rogers,360,89414 Andrea Forks Suite 982,North Michelleshire,08507
Jose Dominguez,361,5657 Burns Well Apt. 563,Jamesside,75376
Luis Shepard,362,299 Robbins Parks Apt. 448,Port Jenniferton,79420
Monica Dean,363,6077 Smith Mission,New Jeffrey,36495
Christopher Parsons,364,3757 William Wall,Woodside,55963
Johnny Bell,365,101 Cruz Dam Suite 044,Port Stephen,52397
Christopher Rodriguez,366,8128 Fred Rapids,West Stephenland,91412
Edward Suarez,367,3618 Adrian Knolls,South Charlesfort,81602
Jennifer Jackson,368,8180 Daniel Groves Apt. 858,New Joantown,34216
Robert Smith,369,507 Thompson Forge Suite 901,Brucechester,31337
Jonathan Burton MD,370,2885 Morgan Roads Apt. 619,Millerside,65555
Jordan Garcia,371,713 Adams Walk Suite 266,East Eric,67611
Andrea Smith,372,520 Eric Common Suite 204,Adamstown,57244
Anthony Harris,373,636 Austin Flat Apt. 709,Maynardview,69635
Dana Johnson,374,26536 Amanda Corner,Jimeneztown,83543
Mark Dalton,375,638 Kimberly Trail,West Carlosland,96246
Kristen Hanson,376,5608 Ortega Lights Suite 379,North Williamton,34225
Robert Barrett,377,64887 Bryan Prairie,West Williambury,49840
David Bowen,378,8069 Gonzalez Forks,Williamstown,21071
Eric Flowers,379,48159 Goodwin Rest Apt. 493,Thompsonburgh,45014
Victoria Rose,380,8823 Mendoza Manor,Pricemouth,47181
Jeffrey Lang,381,8098 York Mission Suite 275,Lake Katherineville,68187
Heather Orr,382,99899 Amanda Fords Suite 728,East Edgarborough,29684
Barry Stuart,383,176 Arthur Station Apt. 840,East Lisa,98436
Kathy Anderson,384,834 Megan Locks Apt. 895,Lake Kathleen,01975
Kyle Allen,385,6931 Darin Parks,North Albert,36673
Jacob Goodwin,386,864 Smith Lock,Traceymouth,29104
Karen Rasmussen,387,863 Emma Ports,Olsenville,01767
Kristina Rice,388,22736 Gates Turnpike Apt. 142,South Marvin,79178
Brittney Ruiz,389,6265 Crawford Courts,Port Reginald,46752
Roger Vega,390,34724 White Corners,West Jackson,52496
Patrick Patterson,391,701 Richmond Common,Andrewland,14628
Charles Ward,392,436 Sylvia Mills,Griffinland,71733
James Shelton,393,57006 Waters Well,North Natalie,39835
Andrew Mcdaniel,394,9875 Leon Vista Apt. 959,North Karenville,25891
Brian Taylor,395,21633 Raymond Extensions,Pettystad,20301
Sharon Diaz DVM,396,57239 Denise Mountain Suite 809,Franklinstad,52912
Gregory Case,397,46895 Davis Oval Apt. 063,South Larry,60818
Jeffery Harper,398,040 Jessica Ford Apt. 478,South Louisfurt,62865
Isaac Tucker,399,40631 Kimberly Junctions Suite 549,Port Laurenburgh,34244
Heidi Hudson,400,54849 Patrick Passage Suite 191,Catherineland,08874
Danielle Sherman,401,39190 Jeffrey Lakes Apt. 870,Gayfort,33523
Andre Young,402,086 Meadows Rest,Dawnview,29003
Stephanie Miller,403,722 Laura Overpass Apt. 083,Tammyfort,80706
Dennis Ellis,404,06254 Latasha Valleys Apt. 383,South Robert,26104
Ashley Jackson,405,50148 Tapia Road,Chelseabury,56135
Donald Brown,406,5836 Murphy Estate Apt. 400,East Brian,12404
Amanda Rojas,407,9297 Richardson Bypass,Shawstad,81188
Sandra Travis,408,7717 Valenzuela Ramp,Davishaven,25320
Michelle Farrell MD,409,16236 Burns Burgs Suite 076,Riddleland,53886
Todd Walker,410,63336 Walton Brook,Port Teresaton,22923
Mary Davies,411,215 John Port,Michellemouth,64354
Kimberly Chandler,412,4258 Conner Station Apt. 358,West Brandonfort,95284
Carmen Ruiz,413,3054 Grant Burgs Suite 682,Jessicatown,77830
John Park,414,341 Fernandez Plains,Bartonmouth,57414
Kathy Walsh,415,12011 Fletcher Trafficway,Smithfurt,56526
Todd Bernard,416,04059 Downs Village,Ortizstad,52824
Shawn Lawson,417,5158 Moreno Lodge,North Julie,28004
Joseph Garcia,418,5534 Andrews Passage Suite 786,Sanchezfort,36273
Eric Malone,419,4221 Wood Street,Amberberg,11180
Joanne Manning,420,48370 Joseph Knoll Apt. 403,East Joseph,67822
James Bradley,421,0362 Margaret Summit,Port Kimville,12433
John Farmer,422,1013 Lopez Cape,New Gregory,45571
Danny Thomas,423,74406 Nelson Forest,New Jimshire,84740
Michelle Savage,424,56614 Cross Fort Apt. 714,Mcdanieltown,71231
Patricia Hudson,425,20193 Spencer Lakes Suite 311,Wellsborough,38424
Susan Kennedy,426,6552 Tapia Lock,Jonesstad,20549
Rebecca Smith,427,8106 Navarro Mill Apt. 446,Watsonside,08113
Mrs. Sierra Dickson,428,372 Roberts Mountains,Susanfort,57573
Stephanie Clark,429,6058 David Roads Apt. 008,East Andreaside,33692
Carol Guerrero,430,282 Schroeder Row,Lake Dontown,97897
Devin Mullins,431,54353 York Heights Apt. 327,Justinburgh,15083
Julia Scott,432,093 Ana Garden,Hickmanview,40327
Jermaine Jensen,433,21682 Amanda Ranch Suite 071,Christineland,51046
Kevin Byrd,434,952 Francisco Loop,New Charles,47644
David Hill,435,2570 Joyce Green,Leachmouth,21430
Christine Reed,436,5220 Carter Garden Apt. 762,Port Whitneyton,57114
Cameron Sexton,437,1312 Mendoza Ridge Apt. 778,Colemanside,73890
Terry Boone MD,438,7788 Julia Knoll Suite 430,Thomasview,46542
Julian Ingram,439,20273 Williams Well,Port Zachary,84337
Michael Crane,440,54152 Dillon Glens,Alvaradoport,12482
John Kelly,441,71337 Nathaniel Row Suite 159,West Jacquelineburgh,21819
Joseph Diaz,442,971 Jimenez Freeway Suite 493,New Claudia,42065
Cristian Morton,443,16371 Coffey Station Suite 023,East Danielchester,91985
Kenneth Bishop,444,76884 Carr Vista,Anthonyland,88552
Jason Miller,445,16717 Young Haven,Lake Justinburgh,98433
Daniel Walker,446,167 Gordon Point,Port Kelly,60970
Marcus Flores,447,65500 Wilkinson Coves Suite 612,West Candacemouth,50894
Gregory Barajas,448,9286 David Shore,West Anthony,26389
Benjamin Prince,449,96748 Jeffrey Wells,Stewartmouth,39446
James Nelson,450,02854 Caleb Branch,New Emilyfort,19484
Michael Greene,451,474 Ashley Plaza Apt. 479,New Kyleburgh,16988
David Burgess,452,567 Ian Knoll,Silvaville,60481
Eric Hernandez,453,540 Heidi Coves Apt. 023,Paulmouth,91053
Deanna Wilson,454,2643 Robert Hills Apt. 986,Justinfurt,74149
Christina Dixon MD,455,58705 Jones Estate,West Christopher,47977
Darren Smith,456,984 Laura Squares,New Emily,84194
Rhonda Wiley,457,220 Jonathan Springs Suite 889,South Kimberly,61600
Peter Spears,458,7648 Brittany Garden Apt. 222,Jerometown,29176
Matthew Jackson,459,3601 Daniels Causeway Suite 286,West Samuel,22779
Frances Bell,460,6104 Arnold Crossing,New Thomaston,18472
Michael Huber,461,6298 Miller Mountain Suite 794,Lindseyville,34087
Alex Hamilton,462,246 Pace Via,New Dana,91774
Ronald Rodriguez,463,603 Hughes Fall Apt. 748,West Jonathan,23618
Amanda Wolf,464,858 Levy Wall Apt. 569,New Christopher,45435
Jill Turner,465,72134 Butler Village Apt. 551,New James,05203
Jerry Garza,466,43402 Soto Bridge,Clarenceton,03886
Morgan Frederick,467,03411 Pugh Walks Apt. 590,West Suzannehaven,76005
Michael Lewis,468,373 Caitlin Spring,Vincentberg,50080
John Lee,469,208 Mendez Groves Suite 147,Brownton,64708
Natalie Oliver,470,3589 Olson Causeway Suite 699,Stricklandmouth,78665
James Johnson,471,66482 Martin Crossing Apt. 766,Robertsmouth,38783
Stephanie Patel,472,8847 Ferguson Island,Davenporthaven,55975
Joshua Glenn,473,48452 Adam Bypass Suite 518,Nelsonstad,96849
Kevin Gomez,474,789 Jacqueline Manor Suite 135,Grimesfurt,88470
Matthew Jackson,475,5604 Sanders Ports,South Robert,19242
Kimberly Mack,476,018 Wheeler Garden,Rebeccamouth,45300
Lauren Sutton,477,59412 Jones Brook Apt. 399,North Justin,10243
Juan Olsen,478,29859 Renee Stream Suite 176,Powersberg,10623
Maria Tate,479,37867 Elizabeth Green,Amyberg,93804
Peter Jones,480,820 David Ramp Suite 779,Knightville,40858
Tamara Taylor,481,82756 Tina Path Suite 245,East Lindaborough,00694
Michelle Spencer,482,6609 Carmen Isle Suite 844,South Krystal,82181
Edward Richmond,483,39338 Patrick Crest Suite 382,West Anna,46955
Madeline Flores,484,181 Cohen Brooks Suite 028,East Michelle,44671
Sergio Hunter,485,70042 Tara Forge Apt. 077,Williamton,50042
Scott Smith,486,3691 Zachary Station,Lake Brittanystad,26536
Morgan Long,487,7734 Melissa Ways,Lake Mackenzie,41109
Gregory Neal,488,75363 Cindy Manor,North Nicole,61321
Anne Johnson,489,13313 Davis Square,Newmanton,12489
Kevin Roberts,490,35325 Devin Isle Apt. 429,Lake Sharonhaven,39277
Daniel Rivera,491,66193 Alan Ports,Kingburgh,40646
Lori Meyers,492,7447 Cruz Groves Apt. 926,Port Kimberlychester,04973
Leslie Brown,493,418 Cheryl Cliffs Apt. 715,Collinsmouth,10010
Justin Oneill,494,444 Lopez Roads Suite 460,Richardfurt,07223
James Torres,495,92144 Long Overpass,Shelbyland,98679
Anita Wagner,496,10917 Elizabeth Streets Apt. 810,West Andreshire,94492
Megan Walker,497,8734 Ball Viaduct Suite 097,Erinside,18761
Angela Raymond,498,85703 Todd Road,Michelleville,24815
Barbara Lewis,499,504 Clements Forge,Destinyfort,27147
Erica Ballard,500,6094 Danielle Plain,East Amandaville,17349
Cody West,501,542 Debra Parkway,Youngfort,42437
Michelle Smith,502,206 Amy Mill Apt. 991,New Lauraborough,76397
Michelle Franklin,503,346 Mcconnell Branch,Port Evelynville,41208
Wesley Davis,504,91002 Miller Crossing Suite 912,Meganshire,73434
Lauren Pope,505,20903 French Islands Apt. 539,Tylerborough,72485
Gabriel Stanton,506,844 Brady Springs,West Abigail,04947
Nancy Daniel,507,0537 David Parkways Apt. 639,Woodberg,07307
William Garcia,508,4246 Hines Flats,Port Darrenland,66766
Katie Carter,509,911 Jason Branch Apt. 024,New Tyler,33866
Danny King,510,475 Jessica Lights Apt. 352,Sherryton,99773
James Hall,511,87743 Joshua Plaza Apt. 698,Port Alan,50587
Sarah Moore,512,031 Melvin Oval,Michellefort,89252
Larry Chan,513,63861 Griffith Underpass,Kempstad,30412
Edgar Tate,514,657 Jennifer Way,West Dianeborough,63485
David Lee,515,34683 Christian Drive Apt. 969,Cervanteshaven,15034
Jason Jensen,516,65228 Graham Green Apt. 770,Lake Benjaminfurt,34049
Dr. Deanna Johnson,517,896 Sherry Plain,North Christine,80459
Joshua Ford,518,668 Patrick Route Suite 876,Barrymouth,03534
Connie Cantu,519,058 Joseph Ranch Suite 790,North Natalie,70371
Rachel Garner,520,9308 Miranda Orchard,West Ashley,55012
Shawn Downs,521,0160 Allen Common,Jonesstad,31753
Richard Howard,522,759 Heather Expressway Apt. 049,Dawsonhaven,07752
Brooke Holloway,523,066 Chase Tunnel Suite 040,Brianberg,49692
David Dean,524,357 Christine Forest,Kathrynton,55586
Andrew Williams,525,21046 Chelsea Wells Suite 312,South Robert,79769
Shirley Harrell,526,4262 Rogers Unions,North Emilyberg,44771
Tyler Silva,527,64190 Santana Via Suite 429,Lake Ruben,35977
Jonathan Ward,528,1957 Hudson Via,Lake Jennifer,43026
David Blair,529,8707 Elizabeth Squares,Rachelfurt,96590
Jennifer Andrews,530,4166 Chad Cove Apt. 256,Onealfort,66014
Sara Taylor,531,01275 Joseph Track,Richardview,92749
Kenneth Garza,532,3971 Salas Turnpike Apt. 360,Leonardland,24182
James Harris,533,40968 Michelle Streets Suite 752,East Richardberg,09490
Stephen Gregory,534,29540 Martin Extensions Apt. 861,Fullerview,90512
William Dennis,535,805 Wilson Point Suite 295,Angelaport,77288
William James,536,814 Kristina Ports Apt. 150,North Mistytown,96723
Gregory Allen,537,4605 Barrett Wells Suite 695,Lake Jeremy,81574
Tammy Brown,538,485 Brendan Streets Apt. 406,Carolynland,65640
Stacey Velasquez,539,848 Myers Pass Suite 432,Jonesfort,54396
Alexander Mendoza,540,2337 Roberts Station Suite 656,New Rebeccatown,54708
Stephen Martinez,541,6037 Shannon Village,East Davidview,87594
Jasmine Wagner,542,7634 Rivera Pass Apt. 590,Garretttown,21621
Morgan Wolfe,543,58896 Sarah Meadows Suite 878,Ambermouth,13110
Ashley Mclean,544,814 Raymond Drive,Hollyburgh,63575
Rachel Dominguez,545,630 Smith Mission,Ellisberg,83142
Brittany Andrade,546,116 Justin Squares Apt. 469,Rodriguezborough,14804
Joel Reynolds,547,3326 Conrad Circle Apt. 668,Lake Kevinport,56505
Michael Martin,548,180 Matthew Plains Suite 693,Hebertshire,47016
Dawn Simon,549,529 Valerie Mission,Montestown,24997
Andrew Alvarez,550,6757 Penny Rapid Suite 266,North Taraland,68994
Kyle Howard,551,5402 Perkins Courts Suite 656,North Duane,07907
Dawn Lewis,552,6422 Chelsea Via,North Charlesport,44123
Thomas Greene Jr.,553,380 Baker Mission Suite 507,Nortonfurt,85980
Richard Johnson,554,907 Jones Glens,Annetteview,97617
Zachary Moore,555,5469 Corey Squares,Michaelchester,36872
Andre Schneider,556,426 Davidson Flat,Port Tylermouth,66632
Elizabeth Vance,557,065 Joshua Points Suite 347,Port Ronald,72528
Meredith Washington,558,2099 Jordan Square,Port Jessica,19541
Patricia Davis,559,9764 Crystal Trafficway,Hallmouth,48910
Zachary Rich,560,46478 Tommy Land,Luisburgh,40524
Holly Poole,561,4895 Melissa Court Suite 325,Lake William,57048
John Wilson,562,52621 Michael Island,Lorichester,75044
Sandra Bradley,563,5865 Frank Vista Suite 052,Choifurt,55035
Daniel Richards,564,6598 Robles Ports,Port Samuelstad,48598
Kathleen Pugh,565,6969 Garcia Mountains,Weberfort,35367
Sarah Haynes,566,2574 Hunter Points Suite 504,East David,12093
Natalie Mcclure,567,1167 English Groves Suite 457,Simmonsstad,03102
Paul Richards,568,875 James Circle,Harrisbury,90587
Philip Charles,569,581 Shirley Points,Johnborough,92620
Christina Jenkins,570,2222 Jeff Gardens Suite 745,North Steven,04071
Jonathon Navarro,571,34799 Edward Cape,Stephaniebury,60172
Michele Bailey,572,436 Strong Lodge Apt. 216,Hectorberg,99330
Vincent Dodson,573,821 Lewis Ramp Apt. 606,North Amanda,29535
Travis Brown,574,46656 Dana Forest,North Daryl,81652
Gary Callahan,575,31994 Elizabeth Lodge Apt. 152,Robertview,16761
Hannah Salazar,576,3762 Pedro Pine Apt. 243,Port Jose,22919
Glenda Ortega,577,2615 Michael Trace,Lake Travisville,82114
Matthew Medina,578,8106 Houston Islands,West Lori,90814
Caroline Griffith,579,7657 Gregory Trafficway Apt. 999,Port Michael,21247
David Good,580,24841 Hendricks Highway,Lake Bridgetmouth,15652
Nancy Hensley,581,53987 Yang Drive,Lake Rogerberg,48181
Dennis Marshall,582,506 Haynes Ville Apt. 625,Jamesberg,56070
Kathleen Pierce,583,47749 Michael Parkways,Meyermouth,24503
Laurie Martin,584,6133 Gomez Stravenue,Port Tracyhaven,40422
Jesus Long,585,05309 Theresa Plain,Port Terriland,07874
Ronald Jones,586,44334 Mccarthy Garden,Port Teresa,93215
Ashley Adams,587,9473 Hess Street,Port Michelle,82953
Kristin Phillips,588,10031 Michael Junction,West Brittany,98306
Kimberly Bailey,589,1614 Gilbert Greens,Meyerside,54488
Vincent Horton,590,56701 Dale Plaza Suite 135,New Heidifort,61176
David Joyce,591,36826 Simmons Rapids,Port John,38460
Rachel Hernandez,592,223 Mason Mission Apt. 991,North Christopherhaven,86982
Chase Hernandez,593,160 Horn Roads,Jeremyshire,99629
Angela Roberts,594,46030 Noble Lake Apt. 568,Vincentville,17833
Donna Swanson,595,572 Hayley Points,Wilsonport,33321
Michelle Jackson,596,02810 Pamela Loop,Port Amanda,20517
Elizabeth Norris,597,82267 Henderson Manors Apt. 600,Lake Shannonview,22557
Tonya Carpenter,598,5446 Wendy Brook Suite 934,Melissamouth,46218
Kevin Gardner,599,511 Howard Walk,New Ralphmouth,68277
Amy Wiggins,600,65899 Singh Via,Lake Katherine,64709
Leslie Dunn,601,10174 Lee Tunnel,Campbellland,02828
Tony Doyle,602,97781 Stephanie Club,North Timothy,33137
Danielle Kelly,603,10843 Benjamin Route,New Cheryl,29681
April Russell,604,18780 Watson Centers,Lorimouth,48264
Donna Black,605,42736 Denise Overpass Suite 888,Lake Cheyenneshire,44850
Lisa Shannon,606,930 Smith Forks Suite 987,Davidview,68791
Henry Davis DVM,607,0438 Mccarthy Mountain Suite 317,West Marthaberg,58397
Melissa Vazquez,608,5409 Brittany Shoals Apt. 313,Bradshawstad,22255
Mr. Carlos Howard,609,35220 Wood Greens Suite 742,Apriltown,38802
Michael Williams,610,878 Wallace Grove,Odommouth,15373
Thomas Conley,611,4547 Woods Springs Suite 440,Westside,37121
Michelle Wilkins,612,75462 Peterson Stream,Emilyside,68120
Jennifer Peterson,613,8911 Erika Route,Lake Timothy,67899
Meghan Schultz,614,72455 Allen Row,South Karen,47933
Kenneth Carroll,615,20696 Hinton Forges Apt. 113,East Phillipshire,16409
Jaime Wang,616,56343 Larry Tunnel,Hermanmouth,67503
Lori Barry,617,0646 David Ford,Barnesborough,27450
Laura Miller,618,80177 Contreras Heights Apt. 661,New Rhondaport,61791
Michael Bernard,619,069 Miller Ways Suite 519,Murillostad,92013
Jeffrey Davis,620,976 Erica Divide Apt. 105,Luisberg,99058
Jessica Rodriguez,621,42914 Daniel Pass,East Bryanhaven,88328
Lawrence Griffith,622,986 Mayer Mews,Joelside,88990
Laura Murillo,623,7011 David Skyway Suite 355,West Michael,59395
Justin Howard,624,619 Steven Rapid Suite 958,Port Justin,57053
Joseph Peterson,625,136 Garcia Meadow,Kelliport,19932
Andrew Freeman,626,69738 Mcbride Mission Suite 906,Holtton,10712
Glenda Dennis,627,11841 Burke Isle Apt. 768,New Brandihaven,03344
Shannon Rogers,628,127 Johnson Glens Suite 996,West Dawnton,46536
Jason Wood,629,87765 Shepard Passage,Reneestad,02264
Monica Garcia,630,1415 Anderson Divide,Martinshire,50864
Christina Mitchell,631,250 Thompson Lights,Lake Marisaborough,08586
Robert Poole,632,1713 Timothy Plains Suite 229,West Daniel,67388
James Crane,633,399 Murphy Stream Suite 705,Lake Linda,79078
Audrey Perez,634,152 Baker Mountain,New Katieville,85927
Christopher Hatfield,635,6883 Stephanie Loaf,New Latasha,02507
Shannon Woods,636,31456 Diaz Land,West Heather,34606
Ryan Brown,637,17227 Katrina Circles,East Karen,46176
Joseph Garner,638,7350 Hendricks Union,Johnmouth,28733
Patty Harrison,639,299 Stephanie Heights Apt. 185,Lake Charles,17161
Nicole Garner,640,8294 Smith Skyway,Banksstad,26272
Brian Schultz,641,890 Jones Port,New Williamfurt,22321
Lindsey Pierce DVM,642,5049 Stephanie Wells,Dylanstad,10729
Anthony Johnson,643,41326 Graham Underpass,Susantown,00720
Chase Lane,644,0980 James Valley Apt. 775,Port Sharonborough,11767
Corey Barber,645,04522 Parker Road Apt. 091,Lake Jacqueline,67258
Tammy Keller,646,8911 Thomas Shores,Woodsstad,56166
Michael Garcia,647,124 Shea Fork Apt. 583,West Donald,73109
Caleb Thornton,648,89958 Powell Glen,Marystad,97731
Peter Rocha,649,2992 Marshall Court Suite 521,Peterfort,38654
Nicole Rodriguez,650,7576 Calderon Locks Suite 741,Staceyburgh,56564
Kristine Miller,651,3455 Diaz Groves Apt. 855,Leeland,30106
Angela Long,652,849 David Corner Suite 311,Ashleeshire,73545
Lori Lawrence,653,0400 John Spurs Apt. 814,Port Tinatown,40028
Rachel Glass,654,27632 Allen Park,Port Michael,22285
Thomas Hardy,655,1528 Norman Inlet,Kimton,04680
Jessica Garcia,656,61772 Pena Shoal Suite 231,East Samanthaburgh,57744
Andrew Le,657,5289 Ayala Island Apt. 617,New Charlesmouth,50321
Jonathan Carroll,658,433 Chad Parkways,Antoniotown,60201
Kelly Gomez,659,15671 Lori Crescent,West Amandatown,33203
Amanda Lozano,660,69527 Reyes Hill Apt. 258,East Paul,73547
Scott Terry,661,88918 Billy Mission Suite 896,New Jason,87316
Daniel Martin,662,1634 Amanda Island Suite 713,West Emily,36120
Teresa Chavez,663,48016 Lewis Park Suite 685,Sullivanfort,60892
Derek Foster,664,5284 Edward Ridges,Leonshire,11655
Cheryl Bishop,665,117 Brian Street,Shepherdborough,35316
Amy Guzman,666,34564 Walker Viaduct Suite 861,New Scott,22939
Matthew Carlson,667,1125 Farmer Stravenue,Port Malikview,31296
Amanda Butler,668,484 Woods Crest Apt. 673,North Sheilaport,39375
Sheila Hartman,669,972 Stevens Fort,West Travisport,75836
Emily Bradshaw,670,983 Melissa Route Suite 974,New Jacquelinebury,84715
Karen Mcdonald,671,94531 Jacobs Skyway,Markfurt,67129
William Robinson,672,4574 Harris Ferry Suite 002,West Richardhaven,60815
Rebecca Jackson,673,30205 Robinson Track,New Joshua,29711
Brenda Russo,674,025 Marc Ways,Marcusstad,67795
Katherine Norton,675,1623 Howell Extension Apt. 918,West Georgeburgh,82268
Nathan Jimenez,676,99705 Rhodes Parkways Suite 526,Port Christopherport,53496
Jason Shepard,677,3030 Colin Road,New Danielfurt,82596
Kathleen Stevens,678,08145 Robert Landing Suite 648,Mitchellhaven,96836
Brian Marsh,679,316 Mia Drive,Floresfurt,74991
Donna Maldonado,680,68257 Christopher Landing,West Joshuaville,05581
Gerald Walker,681,4490 Rush Trail,Larryberg,45345
Joseph Hoover,682,5252 Olson Vista,East Elijah,37321
Laura Acevedo,683,0875 Carlos Road Suite 635,Scottchester,81442
Vickie Harvey,684,9056 Daniels Shoals Apt. 381,Robertland,65985
Nicole Shelton DVM,685,72618 Shannon Island,West Karen,15841
Samuel Palmer,686,31119 Mcguire Park,Cartershire,46826
Samantha Nelson,687,1833 Armstrong Parks Apt. 854,Franklinbury,93365
Krystal Griffin,688,4235 Jessica Mission,South Dianefort,21491
Keith Casey,689,0702 Johnson Plains Apt. 256,Joshuaburgh,13372
Bridget Jackson,690,6288 Tyler Cove Suite 973,Christophertown,73439
John Hoover,691,57366 Ruiz Springs,Lake Michael,03704
Alexis Martinez,692,899 Mandy Harbor Apt. 907,West Jared,49459
Kristen James,693,45556 Ruiz Courts Apt. 837,Cantrelltown,80845
James Reyes,694,0792 Heather Dale,North Susan,43025
Courtney Johnson,695,53366 Christian Passage Apt. 743,Lake Reginatown,17787
Lisa Williams,696,62680 Daniel Street Suite 542,Hollyland,06809
David Mora,697,2242 Elijah Landing Apt. 856,Theresaside,65152
Matthew Bradley,698,824 David Fall Apt. 782,East Christina,03153
Michelle Gentry,699,0069 Greene Expressway Suite 900,Tiffanyside,77069
Samantha Barron,700,57409 Cooper Manor Suite 457,Benderstad,75515
Diane Brown,701,07516 Smith Unions,Tannerhaven,06863
Karla Lynch,702,8597 Hunter Brook Suite 113,Lake Justin,56485
Tina Martin,703,39510 Joshua Mission Suite 513,Browntown,34455
Kyle Hernandez,704,45755 Brandy Cliff Suite 074,Jessicaville,15367
Laura Schroeder,705,20135 Edwards Common Apt. 299,Royland,15408
David Williams,706,4736 Jones Club Suite 485,South Megan,50341
David Kim,707,8071 Victoria Greens Suite 454,Mariamouth,92588
Christopher Lynch,708,771 Dalton Ports,East Johnmouth,88249
Chad Montgomery,709,40531 Victor Centers,Amyside,73315
Claudia Rogers,710,21654 Victoria Knolls Suite 907,Rachelland,63981
Lisa Ramos,711,9333 Maldonado Shore Suite 433,Julieborough,80675
Janet Oliver DDS,712,830 Smith Grove,Jessicahaven,48700
Julia Perry,713,513 Victor Way Suite 511,East Martinhaven,20977
Paul Baker,714,94341 Jordan Meadows,Dianaland,78535
Ronnie Davidson,715,81168 Donald Islands Suite 810,South Jonathanchester,66275
Audrey Garza,716,298 Ward Place Suite 319,East Williamport,54317
Jessica Harrison,717,2195 Pamela Lodge Suite 700,North Jean,55728
Curtis Castillo,718,396 Gabrielle Ferry Suite 685,South Amandachester,54168
Blake Sanders,719,33400 Jennifer Vista,Danielport,31691
Trevor Hardin,720,582 Austin Green,Orrstad,87806
Nancy George,721,5149 Peterson Square Apt. 775,East Michael,89419
Rebecca Andersen,722,9594 Perry Trail,Briantown,30430
Sonia Walker,723,6501 Hailey Lake Apt. 427,Peckbury,40891
David Smith,724,27152 Salazar Rapids Apt. 970,Port Michaelmouth,35626
Susan Everett,725,669 Jody Stream,Lake Adrian,20360
Megan Dodson,726,008 Scott Oval Apt. 441,North Holly,08364
Erika Griffin,727,3068 Christina Estate Apt. 771,South Juan,63695
Sean Soto,728,9002 Crystal Harbors,Port Haroldfort,74755
Kathleen Wright,729,0438 Boyer Port,South Kaylaton,18106
Rebecca Clayton,730,0133 Lloyd Station Suite 582,Mackside,25778
Melissa Tyler,731,0341 Ferguson Field Apt. 798,East Williamfort,87749
Eric Riley,732,147 Perry Stream,North Brittany,47610
Paul Sutton,733,4941 Olson Dam Suite 700,Steelebury,95840
Andrew Garcia,734,7666 Bryant Trail,Port Brianland,33867
Justin Lee,735,502 James Road Suite 421,North Juanberg,24144
Ashley Maxwell,736,392 Christine Cove,Lake Melissabury,20531
Cindy Andrade,737,70421 Cameron Views Suite 909,New Aliceburgh,50826
Daniel Woods,738,64243 Catherine Square Suite 165,Gonzalesmouth,07243
Michael Ford,739,02150 Regina Burgs,South William,56579
Matthew Hall,740,144 Jessica Cove Apt. 901,Wadechester,18068
William Welch,741,320 Jessica Rue Apt. 108,South Christineville,89436
Julie Wolfe,742,6626 Rodriguez Gateway Apt. 013,Garciaview,37319
Shannon Harris,743,0101 Kyle Valley,New Leslie,06424
Kristen Jones,744,634 Bass Flats,Jacquelineville,52631
Julie Romero,745,2354 Gabriella Causeway,Garyside,78053
Pamela Allen,746,43647 Bryce Pine,East Dawn,53590
Joyce Ramos,747,26043 Jamie Gateway,Port Christy,28903
Donna Pham,748,524 Chloe Square,Keithmouth,27262
Robert Cruz,749,60581 Gregory Crescent,South Darius,43254
Laura Martinez,750,6541 Pacheco Junction,Reyesville,88174
Amber Martinez,751,3906 Ronnie Curve Suite 691,Calebchester,09168
Benjamin Hanna,752,039 Carrie Lodge,South Ryan,04350
Allison Coleman,753,501 Mason Isle Apt. 733,New Garyshire,83149
Laura Johnson,754,2972 Johnson Pass Suite 867,Julialand,19961
Shannon Cooper,755,100 Jimenez Squares Suite 003,Stephanieburgh,38464
Matthew Robertson,756,129 Harrison Harbor,Port Richard,42111
Nicole Edwards,757,5320 Douglas Mountain,Miguelton,80997
Theodore Williams,758,59370 Troy Knoll Suite 648,Scottbury,18506
Tommy Stewart,759,7459 Lane Ports,Joshuaborough,54205
Sean Huff,760,448 Peterson Plaza,Lewisfort,44851
Leslie Miranda,761,7865 Jennifer Passage,Barkerton,70358
Paula Munoz,762,832 Thompson Street,Murphyside,41231
Antonio Garcia,763,12765 Robert Mountains Apt. 421,North Ryanville,61490
Jose Washington,764,5951 Brown Hills,Lake Nancy,77639
Melanie Flynn,765,617 Parker Crossing Suite 416,Brooksland,45878
Jessica Stephens,766,4468 Kelly Meadow Apt. 055,Crossmouth,86111
Christopher Hoffman,767,999 Fisher Terrace,Mcgeeburgh,52083
Daniel Hunter,768,9502 Katherine Locks,North Thomas,04151
Leah Mueller,769,744 Jesus Circle Apt. 383,West John,66699
Frank Mendoza,770,27862 King Alley Suite 023,Matthewhaven,33835
Karen Peterson,771,75272 Kristen Branch Suite 996,Kelseyborough,31310
Kayla Chaney,772,53557 Carpenter Corners,New Alexis,37061
Amanda Pennington,773,69092 Fox Square Apt. 598,Lopezbury,31132
Daniel Holmes,774,0442 Werner Skyway,East Samantha,43751
Nancy Curtis,775,4763 Mcmillan Bridge,South Shirleyfort,08706
Michelle Lopez,776,2484 Clark Camp Suite 969,Meganberg,27350
Tracy Freeman DDS,777,90031 Lewis Village Suite 296,Marieville,37627
Emily Hanson,778,87404 Roberts Wall Apt. 812,Moorehaven,01843
Melanie Evans,779,927 Jose Passage Apt. 728,Tamaramouth,72568
Bailey Preston,780,54207 Kimberly Locks,Millsfurt,95892
Leslie Casey,781,21161 Keller Harbors,Port Samuel,35680
William Smith Jr.,782,1307 Jennifer Fords Suite 880,West Stevenfort,81038
Donna Williams,783,442 Alexander Crescent Suite 836,Richardhaven,67373
Scott Lewis,784,2201 James Course Apt. 207,East Glennside,52608
Thomas Taylor,785,66162 Stafford Locks,Jessicachester,64042
Ricky Mckinney,786,427 Dalton Cape,Griffinview,39871
Jordan Kim,787,705 Jackson Extension Apt. 505,Maryberg,54944
Christina Sparks,788,204 Hunt Court,Stephenfurt,53732
Melissa Morrow,789,652 Regina Mountain,Gabrielbury,55060
Matthew Dougherty,790,185 Bruce Curve Suite 518,Johnsonstad,24283
Jessica Lewis,791,0747 Miller Plaza,Jacksonborough,51624
Matthew Johnson,792,90926 Lawrence Neck,Heidiport,99602
Amy Haynes,793,49474 Reeves Springs Apt. 785,Nathanview,05175
Elizabeth Hayes,794,650 Roberts Stream Apt. 026,Spencerville,56723
Elizabeth Crawford,795,0373 Brown Square Apt. 742,East Jenniferville,91524
Sabrina Meyer,796,942 Sarah Turnpike Apt. 831,Pereztown,58633
Michelle Tanner,797,75461 William River,North Brianchester,28862
Howard Garcia,798,83421 James Shoal Apt. 662,South Patrick,49768
Lauren Cook,799,368 Jason Center Apt. 545,Kingville,32988
Felicia Hammond,800,501 Bell Course Apt. 267,Port Anthony,05503
Monica Pratt,801,89538 Miller Corner Suite 883,Lake Michellebury,31597
Alison Pollard,802,64464 Horne Lock,Bradyview,05764
Taylor Hernandez,803,1759 Herrera Locks,New Joshuaside,05871
Deborah Romero,804,921 Rogers Turnpike Apt. 719,Riggsburgh,22941
Gregory Logan,805,5485 Ortiz Manor Apt. 582,Ashleyborough,74959
Elizabeth Rivers,806,47132 Petty Views,Burnsstad,93935
Jeffrey Davis,807,35964 Katherine Vista Apt. 680,West Joshua,98340
Erin Hall,808,749 Carl Radial,Levineburgh,70857
Jennifer Duncan,809,581 Debbie Coves,Sandersfurt,30285
Bradley Taylor,810,7968 Miller Light Suite 760,West Jennifer,80029
Sarah Wilson,811,10949 Edward Circles,West Danielleville,66561
Amy Mitchell,812,3805 Timothy Spurs,West Davidstad,09553
Donna Myers,813,3173 Williams Turnpike,East Alexbury,82835
Alexandra Russo,814,42262 Smith Locks Suite 992,South Melissa,56653
Christopher Petty,815,011 Malik Harbor Apt. 382,Port Katherinebury,96426
Alyssa Pratt,816,427 Yang Drive Suite 485,Hoburgh,26379
Melissa Taylor,817,59266 Nelson Falls,New Bryceland,48994
Lauren Miller,818,72538 Timothy Knolls,East Lauramouth,20993
Melissa Powers,819,5997 Wallace Lane Suite 963,South Matthew,71793
Michael Rodriguez,820,44998 Anthony Mews,South Erinhaven,78393
Mary Howard,821,3241 Martinez Field,West Benjamin,18545
Caitlin Ward,822,47312 Castro Roads,West Jeremybury,94228
Louis Contreras,823,5103 Zachary Pine,Lifurt,90815
Gary Garza,824,4421 Brianna Island Suite 548,South Jillside,55027
Warren Fisher,825,2632 Vaughn Forks Apt. 535,Nathanland,89290
Stephen Pollard,826,2643 Hoover Via,Melaniefurt,20370
Bruce Gray,827,842 Brady Underpass,Obrienbury,28570
Tammy Reeves,828,1938 Kim Creek,North Markhaven,43422
Brian Garcia,829,581 Michele Harbors,Nicolefort,95076
Stephen Smith,830,470 Black Drive,Port John,87624
Brian Martin,831,2491 Michael Wells Apt. 412,Perkinsshire,96294
Catherine Mayo,832,302 Joan Ranch,Ashleyhaven,37411
Terry Green,833,29086 Janice Shores Apt. 837,Johnsonshire,33222
Jessica Crane,834,2835 Edward Mission,West Dorothy,65017
Melissa Navarro,835,9642 Amy Mountain,Rubioland,40842
Tracy Solomon,836,67850 Kristin Hill Suite 401,Lesliefurt,27144
Kimberly Acosta,837,8043 Mckee Skyway,West Whitneyfort,97089
Michael Rhodes,838,023 Robert Extensions,Lake Joshuaberg,76823
Paula Torres,839,1173 Christina Light,Paultown,70000
Alison Fletcher,840,55480 Russell Freeway,Williamsburgh,55075
Lisa Reyes,841,39166 Maxwell Roads,Wrightbury,10990
Veronica Roberts,842,081 Thompson Valleys Apt. 989,North Gloria,68713
Vanessa Hall,843,91298 Briggs Vista,New Jeffbury,42677
Antonio Archer,844,40772 Timothy Road,Monicastad,34871
Amy Church,845,3635 Cardenas Via,Lake Derekview,19041
Paula Ware,846,771 Wilson Lake,East Kathryn,44189
Angela Castillo,847,0302 Abbott Streets,Lake Keith,78011
Brian Lopez,848,135 Patrick Falls Apt. 396,Davidmouth,03187
Phillip Morgan,849,0571 Lauren Centers Suite 160,Lake Jordan,88538
Julie Woods,850,14722 Ashley Creek,Brownton,03329
Emily Bruce,851,057 Chad Brook Suite 514,South Brittanyshire,33496
Robert Ali,852,37257 Gilbert Lights,South Adam,24612
Amanda Rodriguez,853,305 Evelyn Fall Suite 136,Rhondaburgh,44967
Jorge Duncan,854,7190 Wood Burgs,East Davidmouth,46432
Dr. April Berry,855,044 French Spur Suite 595,Taylorton,21747
Stacy Alexander,856,6915 Luis Cliffs,West Spencer,70152
Judith Walker,857,11733 Evans Loop,Meyerville,84254
Barbara Walker,858,736 Snyder Tunnel Apt. 617,New Jeffrey,31542
Amy Mcgee,859,01825 Marcia Plaza Apt. 903,South Chad,46182
Stanley Osborne,860,0708 Thomas Drives,Rebeccastad,22629
Tracey Nunez,861,22237 Ramirez Estates,Sharonmouth,48653
Kari Clark,862,6101 Samuel Course Suite 732,East Joshua,14783
Carl Sheppard,863,2725 Heath Summit,Port Rebekah,73947
Carl Moore,864,494 Miller Run,South Jessica,38337
Cory Anderson,865,3494 Teresa Mission Suite 596,Joshuabury,00732
Jennifer Roberts,866,7559 James Locks Suite 080,Lake Loriside,62617
Tina Robinson,867,641 Mendoza Via Suite 091,East Yvonne,43861
Dakota Novak,868,65509 Johnson Turnpike Apt. 264,North Austinmouth,38892
Barbara King,869,832 Kelley Overpass,Andersonport,99359
Raymond Martin,870,8170 Murphy Drive,West Terry,82784
Holly Anderson,871,0666 Steven Mills Suite 375,Kathleentown,07018
Casey Church,872,3819 Samantha Park Apt. 853,North Justinland,22044
Kevin Johnson,873,786 Nicole Forge,Jasonville,14921
Donna Dawson,874,96606 Hall Roads Suite 859,Mollymouth,38457
Robert Hudson,875,07131 Martin Ford,Michaelton,55045
David Gallegos,876,357 Alan Lakes,Robertsonborough,06726
Elizabeth Yoder,877,1848 Danny Courts,West Markchester,11201
Catherine Gutierrez,878,5545 Norman Inlet,New Jamesberg,60336
Alicia Parker,879,9712 Caldwell Turnpike Suite 984,Jacksonton,25005
Carolyn Brennan,880,46708 Diana Locks Apt. 528,Lake Amber,56523
Alison Conway,881,7277 Vance Walk,Lake Sheri,89018
Patty Mathews,882,827 Chavez Road Apt. 206,North Marissa,00625
Steven Jenkins,883,6574 Davis Corners Apt. 768,Carolborough,52783
Michael Osborne,884,978 Hooper Neck,Herrerachester,25122
Alec Stephens,885,629 Holmes Road,Reynoldsfurt,84629
Donald Barnes,886,5695 Bryant Valley Suite 316,East Jennifer,80366
Nicolas Smith,887,4066 Michael Lakes Suite 566,Bergerview,08589
Austin Gonzalez,888,23884 Lisa Station,Calderonchester,53293
David Duncan,889,089 Thompson Plains Suite 386,Jesseport,43043
Michelle Case,890,278 Cobb Stravenue,East Elizabethbury,63692
Brian Hall,891,2305 Montes Forges Apt. 794,North Stephanieville,05814
Jeremiah Rodriguez,892,48641 Lewis Via Suite 026,South Aliciahaven,95506
Ebony Lopez,893,200 Haley Square,Pageside,31558
Melvin Quinn,894,30413 Williams Viaduct Suite 542,South Duaneview,95885
Laura Martin,895,3749 Michael Street Suite 931,Kingchester,62340
Krystal Cervantes,896,04861 Dwayne Fort Apt. 782,Port Jeffery,18602
Diana Holmes,897,2836 Herrera Landing Apt. 427,North Cassidy,92712
Stephen Castaneda,898,7888 Rhonda Cliffs Apt. 460,Joshuaside,89989
Sharon Blake,899,7093 Jacobs Freeway Suite 709,North Charles,82695
Kelly Reynolds,900,113 Thomas Pass,Shariview,66289
Matthew Ward,901,49094 Jones Burg Suite 679,South Nicholasmouth,14721
Stephanie Morgan,902,439 Harvey Villages,North Edwardberg,69369
Johnny Bowers,903,8902 Amy Road Suite 820,Port Leslie,56702
Michael Johnson,904,55420 Scott Island,Joanneville,47226
Stephanie Brown,905,6854 Smith Circle,Matthewberg,27322
Cindy Moore,906,752 Gray Forest Apt. 244,North Charles,50484
John Jones,907,88860 Keith Groves,North Ryanberg,21020
Katherine Stewart,908,203 Saunders Curve,Jamiefurt,63228
Julia Quinn,909,068 Gary Lodge,Justinville,70581
Lisa Fritz,910,019 Taylor Mount Apt. 732,South Kimberlyview,51623
Brian Johnson,911,984 Kevin Trail,Melissaport,45801
Adam Stone,912,7113 Mary Locks,Parkerfurt,97453
Candice Pearson,913,11375 Kim Street Apt. 710,Jonesbury,61809
Angel Brewer,914,6637 Joseph Heights Suite 612,East Rebeccaborough,67442
Brenda Santiago,915,9232 Robin Drive,North Christine,11955
Ivan Henderson,916,604 Ross Bypass,Port Patriciashire,75625
Jacqueline Roth,917,863 Bradley Roads,Gonzalesfurt,84095
Dominique Torres,918,983 Barry Fields,Monicashire,37224
Kaitlin Ferguson,919,392 Ellis Parks,Jamesbury,77793
Sabrina Austin,920,20115 Williams Lake,Port Matthewmouth,32038
Ruben King,921,0786 Avila Fields,Gillespieport,89870
Brandi Bender,922,5140 Kelly Lock,Port Tyler,14151
Suzanne Evans,923,49330 Ray Lane,Hornside,91137
Dawn Proctor,924,6879 Adkins Mill Suite 999,Pattersonport,08560
Steven Chung,925,98503 Hall Underpass,Wilkinschester,24079
James Murray,926,4856 Reynolds Meadow Suite 987,Jonathanville,76404
Donna Perez,927,1070 Phillips Extensions,West Justin,63730
Marilyn Becker,928,453 Mahoney Route Apt. 000,Elizabethtown,45592
Courtney Johnson,929,9459 Rodriguez Forest Apt. 117,Taylorbury,57441
Paula Reed,930,54220 Cody Harbor,South Raven,54912
Crystal King,931,5091 Gonzalez Rapids Apt. 607,New Rita,16201
Joseph James,932,75425 Ashley Lock Apt. 117,New Melissa,09050
Angela Barnes,933,03716 Thomas Forest,Carrburgh,87625
Fernando West,934,37300 Johnston Mountains,Jessicashire,01762
Rodney Morales,935,7507 Michael Plains,Lake Jimmy,40076
Grant Smith,936,109 Brown View,Stewarttown,21938
Joanna Hoffman,937,488 Conrad Divide Suite 504,Lewishaven,58537
Elizabeth Morgan,938,579 Samantha Expressway Apt. 193,Laurenstad,65858
Vanessa Hess,939,459 Madison Village,Heatherhaven,73081
Tammy Robinson,940,863 Dawn Flats Suite 950,Jenniferburgh,58839
Bryan Murphy,941,7530 Brian Mount Apt. 956,Jefferyberg,38146
Dawn Miller MD,942,67165 Joseph Curve,East Michaelland,21691
Alexis Spencer,943,6774 Shepherd Tunnel Suite 995,East Michaelborough,68199
Maria Smith,944,5313 Ewing Mountains Apt. 394,South Pattyfort,38045
Jeremy Bowen,945,153 Lisa Locks Apt. 108,Isaacland,54557
Peter Anderson,946,88112 Carol Row Suite 621,Marystad,99937
Michael Austin,947,075 Jonathan Drive,Maciasmouth,70074
Bradley Pacheco,948,5218 Steven Wall,Benjaminmouth,45140
Levi Crawford,949,555 Vargas Drive,North Kathleenfort,42692
Diane King,950,4562 Austin Trail,Garciafort,69627
Ronald Salazar,951,387 Daniel Island Suite 670,Lake Theresaview,41125
Michelle Faulkner,952,5291 Gentry Islands Apt. 742,Lake Tammy,16358
Justin Hendricks,953,07670 Morgan Lodge,Petersonbury,59549
Dennis Perry,954,972 Robert Fork Apt. 759,South Mary,69620
Michele Brown,955,5372 Allen Highway,Hudsonstad,43497
Donna Parks,956,5497 Jaclyn Manors,Parkerland,01854
Christopher Smith,957,19261 Gonzales Trace Apt. 652,Wilsonmouth,83599
Russell Collins,958,763 Garcia Shores,West Jennifer,65776
Sandra Davis,959,818 Bond Harbor Apt. 787,South Carolynview,80080
Andre Holmes,960,8929 Russell Rue,Sullivanmouth,07894
Renee Butler,961,342 Cherry Rapid,Port Michaelville,09025
Stephanie Sexton,962,57768 Thompson Mount Suite 529,Swansonfurt,76275
Matthew Lewis,963,7895 Sutton Mall Suite 995,Nelsonfort,39964
Lisa James,964,3103 Foster Wells,Melissaville,71989
Johnathan Frazier,965,30796 Rodriguez Glen,Lake Mark,55760
Elizabeth Sanders,966,170 King Groves Apt. 962,Lake Scott,88732
Jonathan Mckee,967,13997 Clayton Throughway Suite 864,Amymouth,99933
Jeremy Wright,968,64959 Fisher Dam,Kennethton,13695
Robert Carr,969,96218 Lawson Pine,Christopherborough,02740
Willie Montoya,970,1236 Jason Burg,New Laurenport,19554
Deborah Wright,971,102 Jennifer Village,Port Paulfurt,37935
Barbara Roberson,972,122 Sanchez Glens,South Jane,94644
Judy Brown,973,20803 Jaclyn Shoals,Markport,47506
Richard Burnett,974,30566 Austin Islands Apt. 835,Amyville,42921
Brandi Glover,975,7583 Jason Estate,Cervantesview,46453
Michelle Todd,976,94960 Amber Haven Suite 895,South Davidchester,62380
Donna Ford,977,30233 Nelson Circle,Port Janicebury,04846
Angel White,978,2783 Bennett Isle Apt. 117,North Melissashire,27455
Mark Bray,979,4704 Garcia Meadow Apt. 032,East Julie,15656
Jennifer Davis,980,6687 John Pine Suite 896,South Patrick,76224
Matthew English,981,595 Jenny Shores,Lake Michaelburgh,99822
Douglas Richard,982,85036 Hannah Skyway Apt. 390,North Kristen,78422
Matthew Martin,983,22157 Wood Falls Suite 099,Lozanobury,28771
Kevin Burke,984,601 Fitzpatrick Mission Suite 326,Murphyview,68142
Anna Johnston,985,78017 Stone Hills,Keithborough,08060
David Cooper,986,7856 Kimberly Ways,Ericksonmouth,85302
Dr. Rachel Little,987,740 Stevenson Valley,Walshfort,15779
Benjamin Burch,988,10896 Reyes Track Apt. 486,New Aimee,04318
Joseph Grant,989,58077 Garrison Oval,West Jacobland,15014
Donald Hayes,990,8803 Clark Ports Apt. 556,Lake Roberttown,20527
Jeanette Fletcher,991,1653 Webb Creek Suite 119,Cranefurt,97783
Brian Rodriguez,992,059 Sophia Trafficway Apt. 246,Lake Stephenland,50168
Devin Martin,993,8842 Clark Islands Apt. 764,Amandabury,12545
Jason Wagner,994,1657 Browning Plaza Apt. 117,Edwardsmouth,89822
Kelly Kirby,995,873 Moore Fords Apt. 896,Fischerbury,10449
Heather Hammond,996,193 Howell Fields,North Bradley,62326
Mary Moreno,997,6844 Navarro Stravenue,New Richard,26185
Mary Thompson,998,044 Cervantes Lakes Apt. 342,Danielport,54775
Joy Barry,999,652 James Orchard,Lake Christopher,94356
Jenna Aguilar,1000,184 Gonzales Circles,Lake Paigefort,20384
Aimee Parker,1001,96620 Marshall Circles,Destinymouth,45841
